agent,x,y
1,7,6
2,7,8
3,1,6
4,0,5
5,8,0
6,5,8
7,2,5
8,0,2
9,7,4
10,8,1
11,4,5
12,9,3
13,5,9
14,0,9
15,1,9
16,4,8
17,5,9
18,8,6
19,6,0
20,5,5
21,7,8
22,6,0
23,3,6
24,0,9
25,8,5
26,0,6
27,8,1
28,2,6
29,8,6
30,8,4
31,4,9
32,6,0
33,2,1
34,3,2
35,2,1
36,8,0
37,1,2
38,3,1
39,6,2
40,5,5
41,2,2
42,7,6
43,2,0
44,8,3
45,3,8
46,7,6
47,3,1
48,7,7
49,0,5
50,3,5
51,3,6
52,5,8
53,1,5
54,1,6
55,2,6
56,2,6
57,8,4
58,7,8
59,7,4
60,6,0
61,7,8
62,2,5
63,0,2
64,8,5
65,8,7
66,2,0
67,1,9
68,7,6
69,1,9
70,5,9
71,5,3
72,2,5
73,7,0
74,7,6
75,8,7
76,1,6
77,7,5
78,7,6
79,8,0
80,8,0
81,5,4
82,5,8
83,3,1
84,4,9
85,7,6
86,8,8
87,9,8
88,2,1
89,3,0
90,6,1
91,2,5
92,0,6
93,4,9
94,7,6
95,3,6
96,3,2
97,3,0
98,2,6
99,7,5
100,2,5
